Suite/Test/Step Name,Browser,Description,Tag,Start time,End time,Duration,Status
TS_Register,Chrome 87.0.4280.141,,,2021-01-15 19:24:04,2021-01-15 19:24:19,"14,786s",FAILED
,,,,,,,
Test Cases/TC_Register,Chrome 87.0.4280.141,,,2021-01-15 19:24:05,2021-01-15 19:24:19,"13,792s",FAILED
"openBrowser("""")",Chrome 87.0.4280.141,,,2021-01-15 19:24:06,2021-01-15 19:24:08,"2,949s",PASSED
"navigateToUrl(""https://www.phptravels.net/register"")",Chrome 87.0.4280.141,,,2021-01-15 19:24:08,2021-01-15 19:24:12,"3,556s",PASSED
"click(findTestObject(""Object Repository/Page_Register/span_First Name""))",Chrome 87.0.4280.141,,,2021-01-15 19:24:12,2021-01-15 19:24:12,"0,405s",PASSED
"setText(findTestObject(""Object Repository/Page_Register/input_Sign Up_firstname""), fname)",Chrome 87.0.4280.141,,,2021-01-15 19:24:12,2021-01-15 19:24:13,"0,705s",PASSED
"setText(findTestObject(""Object Repository/Page_Register/input_First Name_lastname""), lname)",Chrome 87.0.4280.141,,,2021-01-15 19:24:13,2021-01-15 19:24:14,"0,711s",PASSED
"setText(findTestObject(""Object Repository/Page_Register/input_Last Name_phone""), mobile)",Chrome 87.0.4280.141,,,2021-01-15 19:24:14,2021-01-15 19:24:14,"0,646s",PASSED
"setText(findTestObject(""Object Repository/Page_Register/input_Mobile Number_email""), email)",Chrome 87.0.4280.141,,,2021-01-15 19:24:14,2021-01-15 19:24:15,"0,611s",PASSED
"setEncryptedText(findTestObject(""Object Repository/Page_Register/input_Email_password""), password)",Chrome 87.0.4280.141,,,2021-01-15 19:24:15,2021-01-15 19:24:15,"0,398s",PASSED
"setEncryptedText(findTestObject(""Object Repository/Page_Register/input_Password_confirmpassword""), password)",Chrome 87.0.4280.141,,,2021-01-15 19:24:15,2021-01-15 19:24:16,"0,350s",PASSED
"click(findTestObject(""Object Repository/Page_Register/button_Sign Up""))",Chrome 87.0.4280.141,,,2021-01-15 19:24:16,2021-01-15 19:24:16,"0,332s",PASSED
"click(findTestObject(""Object Repository/Page_My Account/a_My Profile""))",Chrome 87.0.4280.141,,,2021-01-15 19:24:16,2021-01-15 19:24:19,"2,359s",PASSED
"cusomer_data = getText(findTestObject(""/html/body/div[2]/div[1]/div[2]/div[2]/div/div[1]/div[2]/div/div[2]/div/div/div/div/div/div/form/div/div/div[2]/div[1]/div/input""), STOP_ON_FAILURE)",Chrome 87.0.4280.141,,,2021-01-15 19:24:19,2021-01-15 19:24:19,"0,393s",FAILED
