Suite/Test/Step Name,Browser,Description,Tag,Start time,End time,Duration,Status
TS_Register,Chrome 87.0.4280.141,,,2021-01-15 19:03:39,2021-01-15 19:03:52,"13,182s",FAILED
,,,,,,,
Test Cases/TC_Register,Chrome 87.0.4280.141,,,2021-01-15 19:03:40,2021-01-15 19:03:52,"12,193s",FAILED
"openBrowser("""")",Chrome 87.0.4280.141,,,2021-01-15 19:03:40,2021-01-15 19:03:43,"2,888s",PASSED
"navigateToUrl(""https://www.phptravels.net/register"")",Chrome 87.0.4280.141,,,2021-01-15 19:03:43,2021-01-15 19:03:45,"2,047s",PASSED
"click(findTestObject(""Object Repository/Page_Register/span_First Name""))",Chrome 87.0.4280.141,,,2021-01-15 19:03:45,2021-01-15 19:03:46,"0,378s",PASSED
"setText(findTestObject(""Object Repository/Page_Register/input_Sign Up_firstname""), fname)",Chrome 87.0.4280.141,,,2021-01-15 19:03:46,2021-01-15 19:03:46,"0,622s",PASSED
"setText(findTestObject(""Object Repository/Page_Register/input_First Name_lastname""), lname)",Chrome 87.0.4280.141,,,2021-01-15 19:03:46,2021-01-15 19:03:47,"0,574s",PASSED
"setText(findTestObject(""Object Repository/Page_Register/input_Last Name_phone""), mobile)",Chrome 87.0.4280.141,,,2021-01-15 19:03:47,2021-01-15 19:03:48,"0,591s",PASSED
"setText(findTestObject(""Object Repository/Page_Register/input_Mobile Number_email""), email)",Chrome 87.0.4280.141,,,2021-01-15 19:03:48,2021-01-15 19:03:48,"0,606s",PASSED
"setEncryptedText(findTestObject(""Object Repository/Page_Register/input_Email_password""), password)",Chrome 87.0.4280.141,,,2021-01-15 19:03:48,2021-01-15 19:03:49,"0,408s",PASSED
"setEncryptedText(findTestObject(""Object Repository/Page_Register/input_Password_confirmpassword""), password)",Chrome 87.0.4280.141,,,2021-01-15 19:03:49,2021-01-15 19:03:49,"0,364s",PASSED
"click(findTestObject(""Object Repository/Page_Register/button_Sign Up""))",Chrome 87.0.4280.141,,,2021-01-15 19:03:49,2021-01-15 19:03:49,"0,342s",PASSED
"click(findTestObject(""Object Repository/Page_My Account/a_My Profile""))",Chrome 87.0.4280.141,,,2021-01-15 19:03:49,2021-01-15 19:03:52,"2,529s",PASSED
"customer_data = getText(findTestObject(""Object Repository/Page_My Account/h3_Hi, name name""), STOP_ON_FAILURE)",Chrome 87.0.4280.141,,,2021-01-15 19:03:52,2021-01-15 19:03:52,"0,463s",PASSED
assert fname == str_customer_email,Chrome 87.0.4280.141,,,2021-01-15 19:03:52,2021-01-15 19:03:52,"0,003s",PASSED
