Suite/Test/Step Name,Browser,Description,Tag,Start time,End time,Duration,Status
TS_Register,Chrome 87.0.4280.141,,,2021-01-15 19:27:09,2021-01-15 19:27:23,"14,232s",FAILED
,,,,,,,
Test Cases/TC_Register,Chrome 87.0.4280.141,,,2021-01-15 19:27:10,2021-01-15 19:27:23,"13,264s",FAILED
"openBrowser("""")",Chrome 87.0.4280.141,,,2021-01-15 19:27:11,2021-01-15 19:27:13,"2,896s",PASSED
"navigateToUrl(""https://www.phptravels.net/register"")",Chrome 87.0.4280.141,,,2021-01-15 19:27:13,2021-01-15 19:27:16,"2,191s",PASSED
"click(findTestObject(""Object Repository/Page_Register/span_First Name""))",Chrome 87.0.4280.141,,,2021-01-15 19:27:16,2021-01-15 19:27:16,"0,447s",PASSED
"setText(findTestObject(""Object Repository/Page_Register/input_Sign Up_firstname""), fname)",Chrome 87.0.4280.141,,,2021-01-15 19:27:16,2021-01-15 19:27:17,"0,827s",PASSED
"setText(findTestObject(""Object Repository/Page_Register/input_First Name_lastname""), lname)",Chrome 87.0.4280.141,,,2021-01-15 19:27:17,2021-01-15 19:27:18,"0,672s",PASSED
"setText(findTestObject(""Object Repository/Page_Register/input_Last Name_phone""), mobile)",Chrome 87.0.4280.141,,,2021-01-15 19:27:18,2021-01-15 19:27:18,"0,729s",PASSED
"setText(findTestObject(""Object Repository/Page_Register/input_Mobile Number_email""), email)",Chrome 87.0.4280.141,,,2021-01-15 19:27:18,2021-01-15 19:27:19,"0,703s",PASSED
"setEncryptedText(findTestObject(""Object Repository/Page_Register/input_Email_password""), password)",Chrome 87.0.4280.141,,,2021-01-15 19:27:19,2021-01-15 19:27:19,"0,452s",PASSED
"setEncryptedText(findTestObject(""Object Repository/Page_Register/input_Password_confirmpassword""), password)",Chrome 87.0.4280.141,,,2021-01-15 19:27:19,2021-01-15 19:27:20,"0,399s",PASSED
"click(findTestObject(""Object Repository/Page_Register/button_Sign Up""))",Chrome 87.0.4280.141,,,2021-01-15 19:27:20,2021-01-15 19:27:20,"0,417s",PASSED
"click(findTestObject(""Object Repository/Page_My Account/a_My Profile""))",Chrome 87.0.4280.141,,,2021-01-15 19:27:20,2021-01-15 19:27:23,"2,641s",PASSED
"customer_data = getText(findTestObject(""Object Repository/Page_My Account/input_First Name_firstname""), STOP_ON_FAILURE)",Chrome 87.0.4280.141,,,2021-01-15 19:27:23,2021-01-15 19:27:23,"0,499s",PASSED
assert fname == customer_data,Chrome 87.0.4280.141,,,2021-01-15 19:27:23,2021-01-15 19:27:23,"0,002s",PASSED
