Suite/Test/Step Name,Browser,Description,Tag,Start time,End time,Duration,Status
TS_Register,Chrome 87.0.4280.141,,,2021-01-15 19:19:25,2021-01-15 19:19:39,"14,049s",FAILED
,,,,,,,
Test Cases/TC_Register,Chrome 87.0.4280.141,,,2021-01-15 19:19:26,2021-01-15 19:19:39,"13,045s",FAILED
"openBrowser("""")",Chrome 87.0.4280.141,,,2021-01-15 19:19:26,2021-01-15 19:19:30,"3,202s",PASSED
"navigateToUrl(""https://www.phptravels.net/register"")",Chrome 87.0.4280.141,,,2021-01-15 19:19:30,2021-01-15 19:19:32,"2,462s",PASSED
"click(findTestObject(""Object Repository/Page_Register/span_First Name""))",Chrome 87.0.4280.141,,,2021-01-15 19:19:32,2021-01-15 19:19:33,"0,459s",PASSED
"setText(findTestObject(""Object Repository/Page_Register/input_Sign Up_firstname""), fname)",Chrome 87.0.4280.141,,,2021-01-15 19:19:33,2021-01-15 19:19:33,"0,814s",PASSED
"setText(findTestObject(""Object Repository/Page_Register/input_First Name_lastname""), lname)",Chrome 87.0.4280.141,,,2021-01-15 19:19:33,2021-01-15 19:19:34,"0,578s",PASSED
"setText(findTestObject(""Object Repository/Page_Register/input_Last Name_phone""), mobile)",Chrome 87.0.4280.141,,,2021-01-15 19:19:34,2021-01-15 19:19:35,"0,605s",PASSED
"setText(findTestObject(""Object Repository/Page_Register/input_Mobile Number_email""), email)",Chrome 87.0.4280.141,,,2021-01-15 19:19:35,2021-01-15 19:19:35,"0,595s",PASSED
"setEncryptedText(findTestObject(""Object Repository/Page_Register/input_Email_password""), password)",Chrome 87.0.4280.141,,,2021-01-15 19:19:35,2021-01-15 19:19:36,"0,401s",PASSED
"setEncryptedText(findTestObject(""Object Repository/Page_Register/input_Password_confirmpassword""), password)",Chrome 87.0.4280.141,,,2021-01-15 19:19:36,2021-01-15 19:19:36,"0,355s",PASSED
"click(findTestObject(""Object Repository/Page_Register/button_Sign Up""))",Chrome 87.0.4280.141,,,2021-01-15 19:19:36,2021-01-15 19:19:36,"0,328s",PASSED
"click(findTestObject(""Object Repository/Page_My Account/a_My Profile""))",Chrome 87.0.4280.141,,,2021-01-15 19:19:36,2021-01-15 19:19:39,"2,425s",PASSED
"cusomer_data = getText(findTestObject(""Object Repository/Page_My Account/input_First Name_firstname""), STOP_ON_FAILURE)",Chrome 87.0.4280.141,,,2021-01-15 19:19:39,2021-01-15 19:19:39,"0,442s",PASSED
assert fname == customer_data,Chrome 87.0.4280.141,,,2021-01-15 19:19:39,2021-01-15 19:19:39,"0,003s",PASSED
