Suite/Test/Step Name,Browser,Description,Tag,Start time,End time,Duration,Status
TS_Register,Chrome 87.0.4280.141,,,2021-01-15 17:39:46,2021-01-15 17:40:39,"53,248s",PASSED
,,,,,,,
Test Cases/TC_Register,Chrome 87.0.4280.141,,,2021-01-15 17:39:47,2021-01-15 17:39:57,"9,520s",PASSED
"openBrowser("""")",Chrome 87.0.4280.141,,,2021-01-15 17:39:48,2021-01-15 17:39:50,"2,953s",PASSED
"navigateToUrl(""https://www.phptravels.net/register"")",Chrome 87.0.4280.141,,,2021-01-15 17:39:50,2021-01-15 17:39:53,"2,142s",PASSED
"click(findTestObject(""Object Repository/Page_Register/span_First Name""))",Chrome 87.0.4280.141,,,2021-01-15 17:39:53,2021-01-15 17:39:53,"0,409s",PASSED
"setText(findTestObject(""Object Repository/Page_Register/input_Sign Up_firstname""), fname)",Chrome 87.0.4280.141,,,2021-01-15 17:39:53,2021-01-15 17:39:54,"0,724s",PASSED
"setText(findTestObject(""Object Repository/Page_Register/input_First Name_lastname""), lname)",Chrome 87.0.4280.141,,,2021-01-15 17:39:54,2021-01-15 17:39:54,"0,602s",PASSED
"setText(findTestObject(""Object Repository/Page_Register/input_Last Name_phone""), mobile)",Chrome 87.0.4280.141,,,2021-01-15 17:39:54,2021-01-15 17:39:55,"0,622s",PASSED
"setText(findTestObject(""Object Repository/Page_Register/input_Mobile Number_email""), email)",Chrome 87.0.4280.141,,,2021-01-15 17:39:55,2021-01-15 17:39:56,"0,596s",PASSED
"setEncryptedText(findTestObject(""Object Repository/Page_Register/input_Email_password""), password)",Chrome 87.0.4280.141,,,2021-01-15 17:39:56,2021-01-15 17:39:56,"0,437s",PASSED
"setEncryptedText(findTestObject(""Object Repository/Page_Register/input_Password_confirmpassword""), password)",Chrome 87.0.4280.141,,,2021-01-15 17:39:56,2021-01-15 17:39:56,"0,361s",PASSED
"click(findTestObject(""Object Repository/Page_Register/button_Sign Up""))",Chrome 87.0.4280.141,,,2021-01-15 17:39:56,2021-01-15 17:39:57,"0,342s",PASSED
,,,,,,,
Test Cases/TC_Register,Chrome 87.0.4280.141,,,2021-01-15 17:39:57,2021-01-15 17:40:06,"9,216s",PASSED
"openBrowser("""")",Chrome 87.0.4280.141,,,2021-01-15 17:39:57,2021-01-15 17:40:00,"2,963s",PASSED
"navigateToUrl(""https://www.phptravels.net/register"")",Chrome 87.0.4280.141,,,2021-01-15 17:40:00,2021-01-15 17:40:02,"1,942s",PASSED
"click(findTestObject(""Object Repository/Page_Register/span_First Name""))",Chrome 87.0.4280.141,,,2021-01-15 17:40:02,2021-01-15 17:40:02,"0,351s",PASSED
"setText(findTestObject(""Object Repository/Page_Register/input_Sign Up_firstname""), fname)",Chrome 87.0.4280.141,,,2021-01-15 17:40:02,2021-01-15 17:40:03,"0,697s",PASSED
"setText(findTestObject(""Object Repository/Page_Register/input_First Name_lastname""), lname)",Chrome 87.0.4280.141,,,2021-01-15 17:40:03,2021-01-15 17:40:03,"0,656s",PASSED
"setText(findTestObject(""Object Repository/Page_Register/input_Last Name_phone""), mobile)",Chrome 87.0.4280.141,,,2021-01-15 17:40:03,2021-01-15 17:40:04,"0,775s",PASSED
"setText(findTestObject(""Object Repository/Page_Register/input_Mobile Number_email""), email)",Chrome 87.0.4280.141,,,2021-01-15 17:40:04,2021-01-15 17:40:05,"0,661s",PASSED
"setEncryptedText(findTestObject(""Object Repository/Page_Register/input_Email_password""), password)",Chrome 87.0.4280.141,,,2021-01-15 17:40:05,2021-01-15 17:40:05,"0,368s",PASSED
"setEncryptedText(findTestObject(""Object Repository/Page_Register/input_Password_confirmpassword""), password)",Chrome 87.0.4280.141,,,2021-01-15 17:40:05,2021-01-15 17:40:06,"0,357s",PASSED
"click(findTestObject(""Object Repository/Page_Register/button_Sign Up""))",Chrome 87.0.4280.141,,,2021-01-15 17:40:06,2021-01-15 17:40:06,"0,428s",PASSED
,,,,,,,
Test Cases/TC_Register,Chrome 87.0.4280.141,,,2021-01-15 17:40:06,2021-01-15 17:40:18,"11,833s",PASSED
"openBrowser("""")",Chrome 87.0.4280.141,,,2021-01-15 17:40:06,2021-01-15 17:40:09,"3,364s",PASSED
"navigateToUrl(""https://www.phptravels.net/register"")",Chrome 87.0.4280.141,,,2021-01-15 17:40:09,2021-01-15 17:40:13,"4,046s",PASSED
"click(findTestObject(""Object Repository/Page_Register/span_First Name""))",Chrome 87.0.4280.141,,,2021-01-15 17:40:13,2021-01-15 17:40:14,"0,365s",PASSED
"setText(findTestObject(""Object Repository/Page_Register/input_Sign Up_firstname""), fname)",Chrome 87.0.4280.141,,,2021-01-15 17:40:14,2021-01-15 17:40:15,"0,705s",PASSED
"setText(findTestObject(""Object Repository/Page_Register/input_First Name_lastname""), lname)",Chrome 87.0.4280.141,,,2021-01-15 17:40:15,2021-01-15 17:40:15,"0,657s",PASSED
"setText(findTestObject(""Object Repository/Page_Register/input_Last Name_phone""), mobile)",Chrome 87.0.4280.141,,,2021-01-15 17:40:15,2021-01-15 17:40:16,"0,695s",PASSED
"setText(findTestObject(""Object Repository/Page_Register/input_Mobile Number_email""), email)",Chrome 87.0.4280.141,,,2021-01-15 17:40:16,2021-01-15 17:40:17,"0,711s",PASSED
"setEncryptedText(findTestObject(""Object Repository/Page_Register/input_Email_password""), password)",Chrome 87.0.4280.141,,,2021-01-15 17:40:17,2021-01-15 17:40:17,"0,454s",PASSED
"setEncryptedText(findTestObject(""Object Repository/Page_Register/input_Password_confirmpassword""), password)",Chrome 87.0.4280.141,,,2021-01-15 17:40:17,2021-01-15 17:40:18,"0,478s",PASSED
"click(findTestObject(""Object Repository/Page_Register/button_Sign Up""))",Chrome 87.0.4280.141,,,2021-01-15 17:40:18,2021-01-15 17:40:18,"0,347s",PASSED
,,,,,,,
Test Cases/TC_Register,Chrome 87.0.4280.141,,,2021-01-15 17:40:18,2021-01-15 17:40:29,"10,666s",PASSED
"openBrowser("""")",Chrome 87.0.4280.141,,,2021-01-15 17:40:18,2021-01-15 17:40:21,"2,974s",PASSED
"navigateToUrl(""https://www.phptravels.net/register"")",Chrome 87.0.4280.141,,,2021-01-15 17:40:21,2021-01-15 17:40:24,"3,549s",PASSED
"click(findTestObject(""Object Repository/Page_Register/span_First Name""))",Chrome 87.0.4280.141,,,2021-01-15 17:40:24,2021-01-15 17:40:25,"0,325s",PASSED
"setText(findTestObject(""Object Repository/Page_Register/input_Sign Up_firstname""), fname)",Chrome 87.0.4280.141,,,2021-01-15 17:40:25,2021-01-15 17:40:25,"0,574s",PASSED
"setText(findTestObject(""Object Repository/Page_Register/input_First Name_lastname""), lname)",Chrome 87.0.4280.141,,,2021-01-15 17:40:25,2021-01-15 17:40:26,"0,597s",PASSED
"setText(findTestObject(""Object Repository/Page_Register/input_Last Name_phone""), mobile)",Chrome 87.0.4280.141,,,2021-01-15 17:40:26,2021-01-15 17:40:27,"0,674s",PASSED
"setText(findTestObject(""Object Repository/Page_Register/input_Mobile Number_email""), email)",Chrome 87.0.4280.141,,,2021-01-15 17:40:27,2021-01-15 17:40:27,"0,639s",PASSED
"setEncryptedText(findTestObject(""Object Repository/Page_Register/input_Email_password""), password)",Chrome 87.0.4280.141,,,2021-01-15 17:40:27,2021-01-15 17:40:28,"0,431s",PASSED
"setEncryptedText(findTestObject(""Object Repository/Page_Register/input_Password_confirmpassword""), password)",Chrome 87.0.4280.141,,,2021-01-15 17:40:28,2021-01-15 17:40:28,"0,432s",PASSED
"click(findTestObject(""Object Repository/Page_Register/button_Sign Up""))",Chrome 87.0.4280.141,,,2021-01-15 17:40:28,2021-01-15 17:40:29,"0,438s",PASSED
,,,,,,,
Test Cases/TC_Register,Chrome 87.0.4280.141,,,2021-01-15 17:40:29,2021-01-15 17:40:39,"10,777s",PASSED
"openBrowser("""")",Chrome 87.0.4280.141,,,2021-01-15 17:40:29,2021-01-15 17:40:32,"2,941s",PASSED
"navigateToUrl(""https://www.phptravels.net/register"")",Chrome 87.0.4280.141,,,2021-01-15 17:40:32,2021-01-15 17:40:35,"3,640s",PASSED
"click(findTestObject(""Object Repository/Page_Register/span_First Name""))",Chrome 87.0.4280.141,,,2021-01-15 17:40:35,2021-01-15 17:40:36,"0,389s",PASSED
"setText(findTestObject(""Object Repository/Page_Register/input_Sign Up_firstname""), fname)",Chrome 87.0.4280.141,,,2021-01-15 17:40:36,2021-01-15 17:40:36,"0,640s",PASSED
"setText(findTestObject(""Object Repository/Page_Register/input_First Name_lastname""), lname)",Chrome 87.0.4280.141,,,2021-01-15 17:40:36,2021-01-15 17:40:37,"0,735s",PASSED
"setText(findTestObject(""Object Repository/Page_Register/input_Last Name_phone""), mobile)",Chrome 87.0.4280.141,,,2021-01-15 17:40:37,2021-01-15 17:40:38,"0,705s",PASSED
"setText(findTestObject(""Object Repository/Page_Register/input_Mobile Number_email""), email)",Chrome 87.0.4280.141,,,2021-01-15 17:40:38,2021-01-15 17:40:38,"0,657s",PASSED
"setEncryptedText(findTestObject(""Object Repository/Page_Register/input_Email_password""), password)",Chrome 87.0.4280.141,,,2021-01-15 17:40:38,2021-01-15 17:40:39,"0,372s",PASSED
"setEncryptedText(findTestObject(""Object Repository/Page_Register/input_Password_confirmpassword""), password)",Chrome 87.0.4280.141,,,2021-01-15 17:40:39,2021-01-15 17:40:39,"0,367s",PASSED
"click(findTestObject(""Object Repository/Page_Register/button_Sign Up""))",Chrome 87.0.4280.141,,,2021-01-15 17:40:39,2021-01-15 17:40:39,"0,323s",PASSED
