Suite/Test/Step Name,Browser,Description,Tag,Start time,End time,Duration,Status
TS_Register,Chrome 87.0.4280.141,,,2021-01-15 18:58:38,2021-01-15 18:58:51,"13,848s",FAILED
,,,,,,,
Test Cases/TC_Register,Chrome 87.0.4280.141,,,2021-01-15 18:58:38,2021-01-15 18:58:51,"12,897s",FAILED
"openBrowser("""")",Chrome 87.0.4280.141,,,2021-01-15 18:58:39,2021-01-15 18:58:42,"2,941s",PASSED
"navigateToUrl(""https://www.phptravels.net/register"")",Chrome 87.0.4280.141,,,2021-01-15 18:58:42,2021-01-15 18:58:44,"2,224s",PASSED
"click(findTestObject(""Object Repository/Page_Register/span_First Name""))",Chrome 87.0.4280.141,,,2021-01-15 18:58:44,2021-01-15 18:58:44,"0,372s",PASSED
"setText(findTestObject(""Object Repository/Page_Register/input_Sign Up_firstname""), fname)",Chrome 87.0.4280.141,,,2021-01-15 18:58:44,2021-01-15 18:58:45,"0,648s",PASSED
"setText(findTestObject(""Object Repository/Page_Register/input_First Name_lastname""), lname)",Chrome 87.0.4280.141,,,2021-01-15 18:58:45,2021-01-15 18:58:46,"0,592s",PASSED
"setText(findTestObject(""Object Repository/Page_Register/input_Last Name_phone""), mobile)",Chrome 87.0.4280.141,,,2021-01-15 18:58:46,2021-01-15 18:58:46,"0,685s",PASSED
"setText(findTestObject(""Object Repository/Page_Register/input_Mobile Number_email""), email)",Chrome 87.0.4280.141,,,2021-01-15 18:58:46,2021-01-15 18:58:47,"0,711s",PASSED
"setEncryptedText(findTestObject(""Object Repository/Page_Register/input_Email_password""), password)",Chrome 87.0.4280.141,,,2021-01-15 18:58:47,2021-01-15 18:58:48,"0,496s",PASSED
"setEncryptedText(findTestObject(""Object Repository/Page_Register/input_Password_confirmpassword""), password)",Chrome 87.0.4280.141,,,2021-01-15 18:58:48,2021-01-15 18:58:48,"0,418s",PASSED
"click(findTestObject(""Object Repository/Page_Register/button_Sign Up""))",Chrome 87.0.4280.141,,,2021-01-15 18:58:48,2021-01-15 18:58:48,"0,435s",PASSED
"click(findTestObject(""Object Repository/Page_My Account/a_My Profile""))",Chrome 87.0.4280.141,,,2021-01-15 18:58:48,2021-01-15 18:58:51,"2,451s",PASSED
"str_customer_email = getText(findTestObject(""Object Repository/Page_My Account/input_Email_email""), STOP_ON_FAILURE)",Chrome 87.0.4280.141,,,2021-01-15 18:58:51,2021-01-15 18:58:51,"0,536s",PASSED
assert fname == str_customer_email,Chrome 87.0.4280.141,,,2021-01-15 18:58:51,2021-01-15 18:58:51,"0,004s",PASSED
