Suite/Test/Step Name,Browser,Description,Tag,Start time,End time,Duration,Status
TS_Register,Chrome 87.0.4280.141,,,2021-01-15 17:30:36,2021-01-15 17:30:47,"11,576s",FAILED
,,,,,,,
Test Cases/TC_Register,Chrome 87.0.4280.141,,,2021-01-15 17:30:37,2021-01-15 17:30:47,"10,585s",FAILED
"openBrowser("""")",Chrome 87.0.4280.141,,,2021-01-15 17:30:37,2021-01-15 17:30:40,"2,945s",PASSED
"navigateToUrl(""https://www.phptravels.net/register"")",Chrome 87.0.4280.141,,,2021-01-15 17:30:40,2021-01-15 17:30:44,"3,817s",PASSED
"click(findTestObject(""Object Repository/Page_Register/span_First Name""))",Chrome 87.0.4280.141,,,2021-01-15 17:30:44,2021-01-15 17:30:44,"0,400s",PASSED
"setText(findTestObject(""Object Repository/Page_Register/input_Sign Up_firstname""), fname)",Chrome 87.0.4280.141,,,2021-01-15 17:30:44,2021-01-15 17:30:45,"0,721s",PASSED
"setText(findTestObject(""Object Repository/Page_Register/input_First Name_lastname""), lname)",Chrome 87.0.4280.141,,,2021-01-15 17:30:45,2021-01-15 17:30:46,"0,742s",PASSED
"setText(findTestObject(""Object Repository/Page_Register/input_Last Name_phone""), mobile)",Chrome 87.0.4280.141,,,2021-01-15 17:30:46,2021-01-15 17:30:46,"0,593s",PASSED
"setText(findTestObject(""Object Repository/Page_Register/input_Mobile Number_email""), email)",Chrome 87.0.4280.141,,,2021-01-15 17:30:46,2021-01-15 17:30:47,"0,610s",PASSED
"setEncryptedText(findTestObject(""Object Repository/Page_Register/input_Email_password""), password)",Chrome 87.0.4280.141,,,2021-01-15 17:30:47,2021-01-15 17:30:47,"0,408s",FAILED
