Suite/Test/Step Name,Browser,Description,Tag,Start time,End time,Duration,Status
TS_Register,Chrome 87.0.4280.141,,,2021-01-15 18:40:22,2021-01-15 18:40:36,"14,796s",FAILED
,,,,,,,
Test Cases/TC_Register,Chrome 87.0.4280.141,,,2021-01-15 18:40:23,2021-01-15 18:40:36,"13,818s",FAILED
"openBrowser("""")",Chrome 87.0.4280.141,,,2021-01-15 18:40:23,2021-01-15 18:40:26,"2,905s",PASSED
"navigateToUrl(""https://www.phptravels.net/register"")",Chrome 87.0.4280.141,,,2021-01-15 18:40:26,2021-01-15 18:40:29,"3,471s",PASSED
"click(findTestObject(""Object Repository/Page_Register/span_First Name""))",Chrome 87.0.4280.141,,,2021-01-15 18:40:29,2021-01-15 18:40:30,"0,447s",PASSED
"setText(findTestObject(""Object Repository/Page_Register/input_Sign Up_firstname""), fname)",Chrome 87.0.4280.141,,,2021-01-15 18:40:30,2021-01-15 18:40:30,"0,666s",PASSED
"setText(findTestObject(""Object Repository/Page_Register/input_First Name_lastname""), lname)",Chrome 87.0.4280.141,,,2021-01-15 18:40:30,2021-01-15 18:40:31,"0,587s",PASSED
"setText(findTestObject(""Object Repository/Page_Register/input_Last Name_phone""), mobile)",Chrome 87.0.4280.141,,,2021-01-15 18:40:31,2021-01-15 18:40:32,"0,595s",PASSED
"setText(findTestObject(""Object Repository/Page_Register/input_Mobile Number_email""), email)",Chrome 87.0.4280.141,,,2021-01-15 18:40:32,2021-01-15 18:40:32,"0,599s",PASSED
"setEncryptedText(findTestObject(""Object Repository/Page_Register/input_Email_password""), password)",Chrome 87.0.4280.141,,,2021-01-15 18:40:32,2021-01-15 18:40:33,"0,396s",PASSED
"setEncryptedText(findTestObject(""Object Repository/Page_Register/input_Password_confirmpassword""), password)",Chrome 87.0.4280.141,,,2021-01-15 18:40:33,2021-01-15 18:40:33,"0,513s",PASSED
"click(findTestObject(""Object Repository/Page_Register/button_Sign Up""))",Chrome 87.0.4280.141,,,2021-01-15 18:40:33,2021-01-15 18:40:33,"0,327s",PASSED
"click(findTestObject(""Object Repository/Page_My Account/a_My Profile""))",Chrome 87.0.4280.141,,,2021-01-15 18:40:33,2021-01-15 18:40:36,"2,483s",PASSED
"str_customer_email = getText(findTestObject(""Object Repository/Page_My Account/input_Email_email""))",Chrome 87.0.4280.141,,,2021-01-15 18:40:36,2021-01-15 18:40:36,"0,436s",PASSED
assert email == str_customer_email,Chrome 87.0.4280.141,,,2021-01-15 18:40:36,2021-01-15 18:40:36,"0,005s",PASSED
