Suite/Test/Step Name,Browser,Description,Tag,Start time,End time,Duration,Status
TS_Register,Chrome 87.0.4280.141,,,2021-01-15 18:45:31,2021-01-15 18:45:47,"15,625s",FAILED
,,,,,,,
Test Cases/TC_Register,Chrome 87.0.4280.141,,,2021-01-15 18:45:32,2021-01-15 18:45:47,"14,592s",FAILED
"openBrowser("""")",Chrome 87.0.4280.141,,,2021-01-15 18:45:32,2021-01-15 18:45:35,"2,972s",PASSED
"navigateToUrl(""https://www.phptravels.net/register"")",Chrome 87.0.4280.141,,,2021-01-15 18:45:35,2021-01-15 18:45:39,"3,512s",PASSED
"click(findTestObject(""Object Repository/Page_Register/span_First Name""))",Chrome 87.0.4280.141,,,2021-01-15 18:45:39,2021-01-15 18:45:39,"0,415s",PASSED
"setText(findTestObject(""Object Repository/Page_Register/input_Sign Up_firstname""), fname)",Chrome 87.0.4280.141,,,2021-01-15 18:45:39,2021-01-15 18:45:40,"0,670s",PASSED
"setText(findTestObject(""Object Repository/Page_Register/input_First Name_lastname""), lname)",Chrome 87.0.4280.141,,,2021-01-15 18:45:40,2021-01-15 18:45:40,"0,587s",PASSED
"setText(findTestObject(""Object Repository/Page_Register/input_Last Name_phone""), mobile)",Chrome 87.0.4280.141,,,2021-01-15 18:45:40,2021-01-15 18:45:41,"0,597s",PASSED
"setText(findTestObject(""Object Repository/Page_Register/input_Mobile Number_email""), email)",Chrome 87.0.4280.141,,,2021-01-15 18:45:41,2021-01-15 18:45:42,"0,753s",PASSED
"setEncryptedText(findTestObject(""Object Repository/Page_Register/input_Email_password""), password)",Chrome 87.0.4280.141,,,2021-01-15 18:45:42,2021-01-15 18:45:42,"0,501s",PASSED
"setEncryptedText(findTestObject(""Object Repository/Page_Register/input_Password_confirmpassword""), password)",Chrome 87.0.4280.141,,,2021-01-15 18:45:42,2021-01-15 18:45:43,"0,458s",PASSED
"click(findTestObject(""Object Repository/Page_Register/button_Sign Up""))",Chrome 87.0.4280.141,,,2021-01-15 18:45:43,2021-01-15 18:45:43,"0,364s",PASSED
"click(findTestObject(""Object Repository/Page_My Account/a_My Profile""))",Chrome 87.0.4280.141,,,2021-01-15 18:45:43,2021-01-15 18:45:46,"2,556s",PASSED
"str_customer_name = getText(findTestObject(""Object Repository/Page_My Account/input_First Name_firstname""))",Chrome 87.0.4280.141,,,2021-01-15 18:45:46,2021-01-15 18:45:46,"0,525s",PASSED
print(str_customer_name),Chrome 87.0.4280.141,,,2021-01-15 18:45:46,2021-01-15 18:45:46,"0,004s",PASSED
"str_customer_email = getText(findTestObject(""Object Repository/Page_My Account/input_Email_email""))",Chrome 87.0.4280.141,,,2021-01-15 18:45:46,2021-01-15 18:45:47,"0,336s",PASSED
assert email == str_customer_email,Chrome 87.0.4280.141,,,2021-01-15 18:45:47,2021-01-15 18:45:47,"0,006s",PASSED
