Suite/Test/Step Name,Browser,Description,Tag,Start time,End time,Duration,Status
TS_Register,Chrome 87.0.4280.141,,,2021-01-15 18:48:34,2021-01-15 18:48:49,"15,362s",FAILED
,,,,,,,
Test Cases/TC_Register,Chrome 87.0.4280.141,,,2021-01-15 18:48:35,2021-01-15 18:48:49,"14,399s",FAILED
"openBrowser("""")",Chrome 87.0.4280.141,,,2021-01-15 18:48:35,2021-01-15 18:48:38,"2,889s",PASSED
"navigateToUrl(""https://www.phptravels.net/register"")",Chrome 87.0.4280.141,,,2021-01-15 18:48:38,2021-01-15 18:48:42,"3,521s",PASSED
"click(findTestObject(""Object Repository/Page_Register/span_First Name""))",Chrome 87.0.4280.141,,,2021-01-15 18:48:42,2021-01-15 18:48:42,"0,384s",PASSED
"setText(findTestObject(""Object Repository/Page_Register/input_Sign Up_firstname""), fname)",Chrome 87.0.4280.141,,,2021-01-15 18:48:42,2021-01-15 18:48:43,"0,786s",PASSED
"setText(findTestObject(""Object Repository/Page_Register/input_First Name_lastname""), lname)",Chrome 87.0.4280.141,,,2021-01-15 18:48:43,2021-01-15 18:48:44,"0,742s",PASSED
"setText(findTestObject(""Object Repository/Page_Register/input_Last Name_phone""), mobile)",Chrome 87.0.4280.141,,,2021-01-15 18:48:44,2021-01-15 18:48:44,"0,745s",PASSED
"setText(findTestObject(""Object Repository/Page_Register/input_Mobile Number_email""), email)",Chrome 87.0.4280.141,,,2021-01-15 18:48:44,2021-01-15 18:48:45,"0,678s",PASSED
"setEncryptedText(findTestObject(""Object Repository/Page_Register/input_Email_password""), password)",Chrome 87.0.4280.141,,,2021-01-15 18:48:45,2021-01-15 18:48:46,"0,435s",PASSED
"setEncryptedText(findTestObject(""Object Repository/Page_Register/input_Password_confirmpassword""), password)",Chrome 87.0.4280.141,,,2021-01-15 18:48:46,2021-01-15 18:48:46,"0,425s",PASSED
"click(findTestObject(""Object Repository/Page_Register/button_Sign Up""))",Chrome 87.0.4280.141,,,2021-01-15 18:48:46,2021-01-15 18:48:46,"0,325s",PASSED
"click(findTestObject(""Object Repository/Page_My Account/a_My Profile""))",Chrome 87.0.4280.141,,,2021-01-15 18:48:46,2021-01-15 18:48:49,"2,340s",PASSED
"str_customer_name = getText(findTestObject(""Object Repository/Page_My Account/input_First Name_firstname""))",Chrome 87.0.4280.141,,,2021-01-15 18:48:49,2021-01-15 18:48:49,"0,497s",PASSED
"str_customer_email = getText(findTestObject(""Object Repository/Page_My Account/input_Email_email""))",Chrome 87.0.4280.141,,,2021-01-15 18:48:49,2021-01-15 18:48:49,"0,283s",PASSED
assert fname == str_customer_name,Chrome 87.0.4280.141,,,2021-01-15 18:48:49,2021-01-15 18:48:49,"0,003s",PASSED
