Suite/Test/Step Name,Browser,Description,Tag,Start time,End time,Duration,Status
TS_Register,Chrome 87.0.4280.141,,,2021-01-15 18:47:29,2021-01-15 18:47:45,"15,398s",FAILED
,,,,,,,
Test Cases/TC_Register,Chrome 87.0.4280.141,,,2021-01-15 18:47:31,2021-01-15 18:47:45,"14,068s",FAILED
"openBrowser("""")",Chrome 87.0.4280.141,,,2021-01-15 18:47:31,2021-01-15 18:47:35,"3,384s",PASSED
"navigateToUrl(""https://www.phptravels.net/register"")",Chrome 87.0.4280.141,,,2021-01-15 18:47:35,2021-01-15 18:47:39,"4,529s",PASSED
"click(findTestObject(""Object Repository/Page_Register/span_First Name""))",Chrome 87.0.4280.141,,,2021-01-15 18:47:39,2021-01-15 18:47:45,"5,561s",FAILED
