Suite/Test/Step Name,Browser,Description,Tag,Start time,End time,Duration,Status
TS_Register,Chrome 87.0.4280.141,,,2021-01-15 17:34:01,2021-01-15 17:34:12,"10,462s",FAILED
,,,,,,,
Test Cases/TC_Register,Chrome 87.0.4280.141,,,2021-01-15 17:34:02,2021-01-15 17:34:12,"9,464s",FAILED
"openBrowser("""")",Chrome 87.0.4280.141,,,2021-01-15 17:34:03,2021-01-15 17:34:05,"2,895s",PASSED
"navigateToUrl(""https://www.phptravels.net/register"")",Chrome 87.0.4280.141,,,2021-01-15 17:34:05,2021-01-15 17:34:08,"2,388s",PASSED
"click(findTestObject(""Object Repository/Page_Register/span_First Name""))",Chrome 87.0.4280.141,,,2021-01-15 17:34:08,2021-01-15 17:34:08,"0,392s",PASSED
"setText(findTestObject(""Object Repository/Page_Register/input_Sign Up_firstname""), fname)",Chrome 87.0.4280.141,,,2021-01-15 17:34:08,2021-01-15 17:34:09,"0,748s",PASSED
"setText(findTestObject(""Object Repository/Page_Register/input_First Name_lastname""), lname)",Chrome 87.0.4280.141,,,2021-01-15 17:34:09,2021-01-15 17:34:10,"0,715s",PASSED
"setText(findTestObject(""Object Repository/Page_Register/input_Last Name_phone""), mobile)",Chrome 87.0.4280.141,,,2021-01-15 17:34:10,2021-01-15 17:34:10,"0,819s",PASSED
"setText(findTestObject(""Object Repository/Page_Register/input_Mobile Number_email""), email)",Chrome 87.0.4280.141,,,2021-01-15 17:34:10,2021-01-15 17:34:11,"0,728s",PASSED
"setEncryptedText(findTestObject(""Object Repository/Page_Register/input_Email_password""), password)",Chrome 87.0.4280.141,,,2021-01-15 17:34:11,2021-01-15 17:34:12,"0,446s",FAILED
