Suite/Test/Step Name,Browser,Description,Tag,Start time,End time,Duration,Status
TS_Register,Chrome 87.0.4280.141,,,2021-01-15 18:09:02,2021-01-15 18:10:32,"1m - 30,091s",FAILED
,,,,,,,
Test Cases/TC_Register,Chrome 87.0.4280.141,,,2021-01-15 18:09:03,2021-01-15 18:09:46,"42,679s",FAILED
"openBrowser("""")",Chrome 87.0.4280.141,,,2021-01-15 18:09:04,2021-01-15 18:09:07,"2,964s",PASSED
"navigateToUrl(""https://www.phptravels.net/register"")",Chrome 87.0.4280.141,,,2021-01-15 18:09:07,2021-01-15 18:09:10,"3,452s",PASSED
"click(findTestObject(""Object Repository/Page_Register/span_First Name""))",Chrome 87.0.4280.141,,,2021-01-15 18:09:10,2021-01-15 18:09:11,"0,376s",PASSED
"setText(findTestObject(""Object Repository/Page_Register/input_Sign Up_firstname""), fname)",Chrome 87.0.4280.141,,,2021-01-15 18:09:11,2021-01-15 18:09:11,"0,719s",PASSED
"setText(findTestObject(""Object Repository/Page_Register/input_First Name_lastname""), lname)",Chrome 87.0.4280.141,,,2021-01-15 18:09:11,2021-01-15 18:09:12,"0,670s",PASSED
"setText(findTestObject(""Object Repository/Page_Register/input_Last Name_phone""), mobile)",Chrome 87.0.4280.141,,,2021-01-15 18:09:12,2021-01-15 18:09:13,"0,678s",PASSED
"setText(findTestObject(""Object Repository/Page_Register/input_Mobile Number_email""), email)",Chrome 87.0.4280.141,,,2021-01-15 18:09:13,2021-01-15 18:09:13,"0,709s",PASSED
"setEncryptedText(findTestObject(""Object Repository/Page_Register/input_Email_password""), password)",Chrome 87.0.4280.141,,,2021-01-15 18:09:13,2021-01-15 18:09:14,"0,481s",PASSED
"setEncryptedText(findTestObject(""Object Repository/Page_Register/input_Password_confirmpassword""), password)",Chrome 87.0.4280.141,,,2021-01-15 18:09:14,2021-01-15 18:09:14,"0,435s",PASSED
"click(findTestObject(""Object Repository/Page_Register/button_Sign Up""))",Chrome 87.0.4280.141,,,2021-01-15 18:09:14,2021-01-15 18:09:15,"0,404s",PASSED
"verifyElementNotPresent(findTestObject(""Object Repository/Page_Register/p_The Email field must contain a valid emai_318c9a""), 0)",Chrome 87.0.4280.141,,,2021-01-15 18:09:15,2021-01-15 18:09:46,"31,370s",FAILED
,,,,,,,
Test Cases/TC_Register,Chrome 87.0.4280.141,,,2021-01-15 18:09:46,2021-01-15 18:09:58,"11,620s",PASSED
"openBrowser("""")",Chrome 87.0.4280.141,,,2021-01-15 18:09:46,2021-01-15 18:09:49,"2,836s",PASSED
"navigateToUrl(""https://www.phptravels.net/register"")",Chrome 87.0.4280.141,,,2021-01-15 18:09:49,2021-01-15 18:09:53,"3,971s",PASSED
"click(findTestObject(""Object Repository/Page_Register/span_First Name""))",Chrome 87.0.4280.141,,,2021-01-15 18:09:53,2021-01-15 18:09:53,"0,347s",PASSED
"setText(findTestObject(""Object Repository/Page_Register/input_Sign Up_firstname""), fname)",Chrome 87.0.4280.141,,,2021-01-15 18:09:53,2021-01-15 18:09:54,"0,579s",PASSED
"setText(findTestObject(""Object Repository/Page_Register/input_First Name_lastname""), lname)",Chrome 87.0.4280.141,,,2021-01-15 18:09:54,2021-01-15 18:09:54,"0,572s",PASSED
"setText(findTestObject(""Object Repository/Page_Register/input_Last Name_phone""), mobile)",Chrome 87.0.4280.141,,,2021-01-15 18:09:54,2021-01-15 18:09:55,"0,578s",PASSED
"setText(findTestObject(""Object Repository/Page_Register/input_Mobile Number_email""), email)",Chrome 87.0.4280.141,,,2021-01-15 18:09:55,2021-01-15 18:09:56,"0,581s",PASSED
"setEncryptedText(findTestObject(""Object Repository/Page_Register/input_Email_password""), password)",Chrome 87.0.4280.141,,,2021-01-15 18:09:56,2021-01-15 18:09:56,"0,358s",PASSED
"setEncryptedText(findTestObject(""Object Repository/Page_Register/input_Password_confirmpassword""), password)",Chrome 87.0.4280.141,,,2021-01-15 18:09:56,2021-01-15 18:09:56,"0,429s",PASSED
"click(findTestObject(""Object Repository/Page_Register/button_Sign Up""))",Chrome 87.0.4280.141,,,2021-01-15 18:09:56,2021-01-15 18:09:57,"0,326s",PASSED
"verifyElementNotPresent(findTestObject(""Object Repository/Page_Register/p_The Email field must contain a valid emai_318c9a""), 0)",Chrome 87.0.4280.141,,,2021-01-15 18:09:57,2021-01-15 18:09:58,"1,032s",PASSED
,,,,,,,
Test Cases/TC_Register,Chrome 87.0.4280.141,,,2021-01-15 18:09:58,2021-01-15 18:10:09,"11,361s",PASSED
"openBrowser("""")",Chrome 87.0.4280.141,,,2021-01-15 18:09:58,2021-01-15 18:10:01,"2,925s",PASSED
"navigateToUrl(""https://www.phptravels.net/register"")",Chrome 87.0.4280.141,,,2021-01-15 18:10:01,2021-01-15 18:10:04,"3,602s",PASSED
"click(findTestObject(""Object Repository/Page_Register/span_First Name""))",Chrome 87.0.4280.141,,,2021-01-15 18:10:04,2021-01-15 18:10:05,"0,353s",PASSED
"setText(findTestObject(""Object Repository/Page_Register/input_Sign Up_firstname""), fname)",Chrome 87.0.4280.141,,,2021-01-15 18:10:05,2021-01-15 18:10:05,"0,760s",PASSED
"setText(findTestObject(""Object Repository/Page_Register/input_First Name_lastname""), lname)",Chrome 87.0.4280.141,,,2021-01-15 18:10:05,2021-01-15 18:10:06,"0,623s",PASSED
"setText(findTestObject(""Object Repository/Page_Register/input_Last Name_phone""), mobile)",Chrome 87.0.4280.141,,,2021-01-15 18:10:06,2021-01-15 18:10:07,"0,581s",PASSED
"setText(findTestObject(""Object Repository/Page_Register/input_Mobile Number_email""), email)",Chrome 87.0.4280.141,,,2021-01-15 18:10:07,2021-01-15 18:10:07,"0,582s",PASSED
"setEncryptedText(findTestObject(""Object Repository/Page_Register/input_Email_password""), password)",Chrome 87.0.4280.141,,,2021-01-15 18:10:07,2021-01-15 18:10:08,"0,355s",PASSED
"setEncryptedText(findTestObject(""Object Repository/Page_Register/input_Password_confirmpassword""), password)",Chrome 87.0.4280.141,,,2021-01-15 18:10:08,2021-01-15 18:10:08,"0,347s",PASSED
"click(findTestObject(""Object Repository/Page_Register/button_Sign Up""))",Chrome 87.0.4280.141,,,2021-01-15 18:10:08,2021-01-15 18:10:08,"0,318s",PASSED
"verifyElementNotPresent(findTestObject(""Object Repository/Page_Register/p_The Email field must contain a valid emai_318c9a""), 0)",Chrome 87.0.4280.141,,,2021-01-15 18:10:08,2021-01-15 18:10:09,"0,903s",PASSED
,,,,,,,
Test Cases/TC_Register,Chrome 87.0.4280.141,,,2021-01-15 18:10:09,2021-01-15 18:10:21,"11,999s",PASSED
"openBrowser("""")",Chrome 87.0.4280.141,,,2021-01-15 18:10:09,2021-01-15 18:10:12,"2,865s",PASSED
"navigateToUrl(""https://www.phptravels.net/register"")",Chrome 87.0.4280.141,,,2021-01-15 18:10:12,2021-01-15 18:10:15,"2,637s",PASSED
"click(findTestObject(""Object Repository/Page_Register/span_First Name""))",Chrome 87.0.4280.141,,,2021-01-15 18:10:15,2021-01-15 18:10:15,"0,394s",PASSED
"setText(findTestObject(""Object Repository/Page_Register/input_Sign Up_firstname""), fname)",Chrome 87.0.4280.141,,,2021-01-15 18:10:15,2021-01-15 18:10:16,"0,683s",PASSED
"setText(findTestObject(""Object Repository/Page_Register/input_First Name_lastname""), lname)",Chrome 87.0.4280.141,,,2021-01-15 18:10:16,2021-01-15 18:10:16,"0,679s",PASSED
"setText(findTestObject(""Object Repository/Page_Register/input_Last Name_phone""), mobile)",Chrome 87.0.4280.141,,,2021-01-15 18:10:16,2021-01-15 18:10:17,"0,678s",PASSED
"setText(findTestObject(""Object Repository/Page_Register/input_Mobile Number_email""), email)",Chrome 87.0.4280.141,,,2021-01-15 18:10:17,2021-01-15 18:10:18,"0,752s",PASSED
"setEncryptedText(findTestObject(""Object Repository/Page_Register/input_Email_password""), password)",Chrome 87.0.4280.141,,,2021-01-15 18:10:18,2021-01-15 18:10:18,"0,360s",PASSED
"setEncryptedText(findTestObject(""Object Repository/Page_Register/input_Password_confirmpassword""), password)",Chrome 87.0.4280.141,,,2021-01-15 18:10:18,2021-01-15 18:10:19,"0,357s",PASSED
"click(findTestObject(""Object Repository/Page_Register/button_Sign Up""))",Chrome 87.0.4280.141,,,2021-01-15 18:10:19,2021-01-15 18:10:19,"0,336s",PASSED
"verifyElementNotPresent(findTestObject(""Object Repository/Page_Register/p_The Email field must contain a valid emai_318c9a""), 0)",Chrome 87.0.4280.141,,,2021-01-15 18:10:19,2021-01-15 18:10:21,"2,244s",PASSED
,,,,,,,
Test Cases/TC_Register,Chrome 87.0.4280.141,,,2021-01-15 18:10:21,2021-01-15 18:10:32,"11,282s",PASSED
"openBrowser("""")",Chrome 87.0.4280.141,,,2021-01-15 18:10:21,2021-01-15 18:10:24,"2,756s",PASSED
"navigateToUrl(""https://www.phptravels.net/register"")",Chrome 87.0.4280.141,,,2021-01-15 18:10:24,2021-01-15 18:10:26,"1,961s",PASSED
"click(findTestObject(""Object Repository/Page_Register/span_First Name""))",Chrome 87.0.4280.141,,,2021-01-15 18:10:26,2021-01-15 18:10:26,"0,324s",PASSED
"setText(findTestObject(""Object Repository/Page_Register/input_Sign Up_firstname""), fname)",Chrome 87.0.4280.141,,,2021-01-15 18:10:26,2021-01-15 18:10:27,"0,566s",PASSED
"setText(findTestObject(""Object Repository/Page_Register/input_First Name_lastname""), lname)",Chrome 87.0.4280.141,,,2021-01-15 18:10:27,2021-01-15 18:10:27,"0,571s",PASSED
"setText(findTestObject(""Object Repository/Page_Register/input_Last Name_phone""), mobile)",Chrome 87.0.4280.141,,,2021-01-15 18:10:27,2021-01-15 18:10:28,"0,751s",PASSED
"setText(findTestObject(""Object Repository/Page_Register/input_Mobile Number_email""), email)",Chrome 87.0.4280.141,,,2021-01-15 18:10:28,2021-01-15 18:10:29,"0,748s",PASSED
"setEncryptedText(findTestObject(""Object Repository/Page_Register/input_Email_password""), password)",Chrome 87.0.4280.141,,,2021-01-15 18:10:29,2021-01-15 18:10:29,"0,446s",PASSED
"setEncryptedText(findTestObject(""Object Repository/Page_Register/input_Password_confirmpassword""), password)",Chrome 87.0.4280.141,,,2021-01-15 18:10:29,2021-01-15 18:10:30,"0,416s",PASSED
"click(findTestObject(""Object Repository/Page_Register/button_Sign Up""))",Chrome 87.0.4280.141,,,2021-01-15 18:10:30,2021-01-15 18:10:30,"0,362s",PASSED
"verifyElementNotPresent(findTestObject(""Object Repository/Page_Register/p_The Email field must contain a valid emai_318c9a""), 0)",Chrome 87.0.4280.141,,,2021-01-15 18:10:30,2021-01-15 18:10:32,"2,370s",PASSED
