Suite/Test/Step Name,Browser,Description,Tag,Start time,End time,Duration,Status
TS_Register,Chrome 87.0.4280.141,,,2021-01-15 19:22:03,2021-01-15 19:22:19,"15,958s",FAILED
,,,,,,,
Test Cases/TC_Register,Chrome 87.0.4280.141,,,2021-01-15 19:22:04,2021-01-15 19:22:19,"14,813s",FAILED
"openBrowser("""")",Chrome 87.0.4280.141,,,2021-01-15 19:22:04,2021-01-15 19:22:08,"3,342s",PASSED
"navigateToUrl(""https://www.phptravels.net/register"")",Chrome 87.0.4280.141,,,2021-01-15 19:22:08,2021-01-15 19:22:11,"3,513s",PASSED
"click(findTestObject(""Object Repository/Page_Register/span_First Name""))",Chrome 87.0.4280.141,,,2021-01-15 19:22:11,2021-01-15 19:22:12,"0,430s",PASSED
"setText(findTestObject(""Object Repository/Page_Register/input_Sign Up_firstname""), fname)",Chrome 87.0.4280.141,,,2021-01-15 19:22:12,2021-01-15 19:22:12,"0,796s",PASSED
"setText(findTestObject(""Object Repository/Page_Register/input_First Name_lastname""), lname)",Chrome 87.0.4280.141,,,2021-01-15 19:22:12,2021-01-15 19:22:13,"0,732s",PASSED
"setText(findTestObject(""Object Repository/Page_Register/input_Last Name_phone""), mobile)",Chrome 87.0.4280.141,,,2021-01-15 19:22:13,2021-01-15 19:22:14,"0,734s",PASSED
"setText(findTestObject(""Object Repository/Page_Register/input_Mobile Number_email""), email)",Chrome 87.0.4280.141,,,2021-01-15 19:22:14,2021-01-15 19:22:15,"0,791s",PASSED
"setEncryptedText(findTestObject(""Object Repository/Page_Register/input_Email_password""), password)",Chrome 87.0.4280.141,,,2021-01-15 19:22:15,2021-01-15 19:22:15,"0,500s",PASSED
"setEncryptedText(findTestObject(""Object Repository/Page_Register/input_Password_confirmpassword""), password)",Chrome 87.0.4280.141,,,2021-01-15 19:22:15,2021-01-15 19:22:16,"0,430s",PASSED
"click(findTestObject(""Object Repository/Page_Register/button_Sign Up""))",Chrome 87.0.4280.141,,,2021-01-15 19:22:16,2021-01-15 19:22:16,"0,364s",PASSED
"click(findTestObject(""Object Repository/Page_My Account/a_My Profile""))",Chrome 87.0.4280.141,,,2021-01-15 19:22:16,2021-01-15 19:22:18,"2,322s",PASSED
"cusomer_data = getText(findTestObject(""//*[@id=""profilefrm""]/div/div/div[2]/div[1]/div/input""), STOP_ON_FAILURE)",Chrome 87.0.4280.141,,,2021-01-15 19:22:18,2021-01-15 19:22:19,"0,393s",FAILED
