Suite/Test/Step Name,Browser,Description,Tag,Start time,End time,Duration,Status
TS_Register,Chrome 87.0.4280.141,,,2021-01-15 18:38:56,2021-01-15 18:39:10,"14,004s",FAILED
,,,,,,,
Test Cases/TC_Register,Chrome 87.0.4280.141,,,2021-01-15 18:38:57,2021-01-15 18:39:10,"13,030s",FAILED
"openBrowser("""")",Chrome 87.0.4280.141,,,2021-01-15 18:38:57,2021-01-15 18:39:00,"2,952s",PASSED
"navigateToUrl(""https://www.phptravels.net/register"")",Chrome 87.0.4280.141,,,2021-01-15 18:39:00,2021-01-15 18:39:02,"2,034s",PASSED
"click(findTestObject(""Object Repository/Page_Register/span_First Name""))",Chrome 87.0.4280.141,,,2021-01-15 18:39:02,2021-01-15 18:39:03,"0,545s",PASSED
"setText(findTestObject(""Object Repository/Page_Register/input_Sign Up_firstname""), fname)",Chrome 87.0.4280.141,,,2021-01-15 18:39:03,2021-01-15 18:39:04,"0,737s",PASSED
"setText(findTestObject(""Object Repository/Page_Register/input_First Name_lastname""), lname)",Chrome 87.0.4280.141,,,2021-01-15 18:39:04,2021-01-15 18:39:04,"0,736s",PASSED
"setText(findTestObject(""Object Repository/Page_Register/input_Last Name_phone""), mobile)",Chrome 87.0.4280.141,,,2021-01-15 18:39:04,2021-01-15 18:39:05,"0,735s",PASSED
"setText(findTestObject(""Object Repository/Page_Register/input_Mobile Number_email""), email)",Chrome 87.0.4280.141,,,2021-01-15 18:39:05,2021-01-15 18:39:06,"0,716s",PASSED
"setEncryptedText(findTestObject(""Object Repository/Page_Register/input_Email_password""), password)",Chrome 87.0.4280.141,,,2021-01-15 18:39:06,2021-01-15 18:39:06,"0,527s",PASSED
"setEncryptedText(findTestObject(""Object Repository/Page_Register/input_Password_confirmpassword""), password)",Chrome 87.0.4280.141,,,2021-01-15 18:39:06,2021-01-15 18:39:07,"0,476s",PASSED
"click(findTestObject(""Object Repository/Page_Register/button_Sign Up""))",Chrome 87.0.4280.141,,,2021-01-15 18:39:07,2021-01-15 18:39:07,"0,370s",PASSED
"verifyElementText(findTestObject(""Object Repository/Page_My Account/h3_Hi, fname lname""), ""Hi, fname lname"")",Chrome 87.0.4280.141,,,2021-01-15 18:39:07,2021-01-15 18:39:10,"2,879s",FAILED
