Suite/Test/Step Name,Browser,Description,Tag,Start time,End time,Duration,Status
TS_Register,Chrome 87.0.4280.141,,,2021-01-15 19:29:06,2021-01-15 19:29:19,"13,838s",FAILED
,,,,,,,
Test Cases/TC_Register,Chrome 87.0.4280.141,,,2021-01-15 19:29:07,2021-01-15 19:29:19,"12,813s",FAILED
"openBrowser("""")",Chrome 87.0.4280.141,,,2021-01-15 19:29:07,2021-01-15 19:29:10,"2,847s",PASSED
"navigateToUrl(""https://www.phptravels.net/register"")",Chrome 87.0.4280.141,,,2021-01-15 19:29:10,2021-01-15 19:29:12,"2,258s",PASSED
"click(findTestObject(""Object Repository/Page_Register/span_First Name""))",Chrome 87.0.4280.141,,,2021-01-15 19:29:12,2021-01-15 19:29:12,"0,403s",PASSED
"setText(findTestObject(""Object Repository/Page_Register/input_Sign Up_firstname""), fname)",Chrome 87.0.4280.141,,,2021-01-15 19:29:12,2021-01-15 19:29:13,"0,765s",PASSED
"setText(findTestObject(""Object Repository/Page_Register/input_First Name_lastname""), lname)",Chrome 87.0.4280.141,,,2021-01-15 19:29:13,2021-01-15 19:29:14,"0,714s",PASSED
"setText(findTestObject(""Object Repository/Page_Register/input_Last Name_phone""), mobile)",Chrome 87.0.4280.141,,,2021-01-15 19:29:14,2021-01-15 19:29:15,"0,739s",PASSED
"setText(findTestObject(""Object Repository/Page_Register/input_Mobile Number_email""), email)",Chrome 87.0.4280.141,,,2021-01-15 19:29:15,2021-01-15 19:29:15,"0,741s",PASSED
"setEncryptedText(findTestObject(""Object Repository/Page_Register/input_Email_password""), password)",Chrome 87.0.4280.141,,,2021-01-15 19:29:15,2021-01-15 19:29:16,"0,400s",PASSED
"setEncryptedText(findTestObject(""Object Repository/Page_Register/input_Password_confirmpassword""), password)",Chrome 87.0.4280.141,,,2021-01-15 19:29:16,2021-01-15 19:29:16,"0,368s",PASSED
"click(findTestObject(""Object Repository/Page_Register/button_Sign Up""))",Chrome 87.0.4280.141,,,2021-01-15 19:29:16,2021-01-15 19:29:17,"0,339s",PASSED
"click(findTestObject(""Object Repository/Page_My Account/a_My Profile""))",Chrome 87.0.4280.141,,,2021-01-15 19:29:17,2021-01-15 19:29:19,"2,345s",PASSED
"customer_data = getText(findTestObject(""Object Repository/Page_My Account/h3_Hi, asdasd asdasd""), STOP_ON_FAILURE)",Chrome 87.0.4280.141,,,2021-01-15 19:29:19,2021-01-15 19:29:19,"0,503s",PASSED
assert fname == customer_data,Chrome 87.0.4280.141,,,2021-01-15 19:29:19,2021-01-15 19:29:19,"0,003s",PASSED
