Suite/Test/Step Name,Browser,Description,Tag,Start time,End time,Duration,Status
TS_Register,Chrome 87.0.4280.141,,,2021-01-15 17:34:37,2021-01-15 17:34:58,"21,666s",PASSED
,,,,,,,
Test Cases/TC_Register,Chrome 87.0.4280.141,,,2021-01-15 17:34:38,2021-01-15 17:34:49,"11,565s",PASSED
"openBrowser("""")",Chrome 87.0.4280.141,,,2021-01-15 17:34:38,2021-01-15 17:34:41,"2,978s",PASSED
"navigateToUrl(""https://www.phptravels.net/register"")",Chrome 87.0.4280.141,,,2021-01-15 17:34:41,2021-01-15 17:34:45,"4,139s",PASSED
"click(findTestObject(""Object Repository/Page_Register/span_First Name""))",Chrome 87.0.4280.141,,,2021-01-15 17:34:45,2021-01-15 17:34:46,"0,402s",PASSED
"setText(findTestObject(""Object Repository/Page_Register/input_Sign Up_firstname""), fname)",Chrome 87.0.4280.141,,,2021-01-15 17:34:46,2021-01-15 17:34:46,"0,730s",PASSED
"setText(findTestObject(""Object Repository/Page_Register/input_First Name_lastname""), lname)",Chrome 87.0.4280.141,,,2021-01-15 17:34:46,2021-01-15 17:34:47,"0,638s",PASSED
"setText(findTestObject(""Object Repository/Page_Register/input_Last Name_phone""), mobile)",Chrome 87.0.4280.141,,,2021-01-15 17:34:47,2021-01-15 17:34:48,"0,588s",PASSED
"setText(findTestObject(""Object Repository/Page_Register/input_Mobile Number_email""), email)",Chrome 87.0.4280.141,,,2021-01-15 17:34:48,2021-01-15 17:34:48,"0,595s",PASSED
"setEncryptedText(findTestObject(""Object Repository/Page_Register/input_Email_password""), password)",Chrome 87.0.4280.141,,,2021-01-15 17:34:48,2021-01-15 17:34:49,"0,437s",PASSED
"setEncryptedText(findTestObject(""Object Repository/Page_Register/input_Password_confirmpassword""), password)",Chrome 87.0.4280.141,,,2021-01-15 17:34:49,2021-01-15 17:34:49,"0,367s",PASSED
"click(findTestObject(""Object Repository/Page_Register/button_Sign Up""))",Chrome 87.0.4280.141,,,2021-01-15 17:34:49,2021-01-15 17:34:49,"0,341s",PASSED
,,,,,,,
Test Cases/TC_Register,Chrome 87.0.4280.141,,,2021-01-15 17:34:49,2021-01-15 17:34:58,"9,052s",PASSED
"openBrowser("""")",Chrome 87.0.4280.141,,,2021-01-15 17:34:49,2021-01-15 17:34:52,"2,970s",PASSED
"navigateToUrl(""https://www.phptravels.net/register"")",Chrome 87.0.4280.141,,,2021-01-15 17:34:52,2021-01-15 17:34:55,"2,243s",PASSED
"click(findTestObject(""Object Repository/Page_Register/span_First Name""))",Chrome 87.0.4280.141,,,2021-01-15 17:34:55,2021-01-15 17:34:55,"0,328s",PASSED
"setText(findTestObject(""Object Repository/Page_Register/input_Sign Up_firstname""), fname)",Chrome 87.0.4280.141,,,2021-01-15 17:34:55,2021-01-15 17:34:55,"0,592s",PASSED
"setText(findTestObject(""Object Repository/Page_Register/input_First Name_lastname""), lname)",Chrome 87.0.4280.141,,,2021-01-15 17:34:55,2021-01-15 17:34:56,"0,583s",PASSED
"setText(findTestObject(""Object Repository/Page_Register/input_Last Name_phone""), mobile)",Chrome 87.0.4280.141,,,2021-01-15 17:34:56,2021-01-15 17:34:57,"0,593s",PASSED
"setText(findTestObject(""Object Repository/Page_Register/input_Mobile Number_email""), email)",Chrome 87.0.4280.141,,,2021-01-15 17:34:57,2021-01-15 17:34:57,"0,598s",PASSED
"setEncryptedText(findTestObject(""Object Repository/Page_Register/input_Email_password""), password)",Chrome 87.0.4280.141,,,2021-01-15 17:34:57,2021-01-15 17:34:58,"0,362s",PASSED
"setEncryptedText(findTestObject(""Object Repository/Page_Register/input_Password_confirmpassword""), password)",Chrome 87.0.4280.141,,,2021-01-15 17:34:58,2021-01-15 17:34:58,"0,363s",PASSED
"click(findTestObject(""Object Repository/Page_Register/button_Sign Up""))",Chrome 87.0.4280.141,,,2021-01-15 17:34:58,2021-01-15 17:34:58,"0,401s",PASSED
