Suite/Test/Step Name,Browser,Description,Tag,Start time,End time,Duration,Status
TS_Register,Chrome 87.0.4280.141,,,2021-01-15 19:31:21,2021-01-15 19:31:34,"13,288s",PASSED
,,,,,,,
Test Cases/TC_Register,Chrome 87.0.4280.141,,,2021-01-15 19:31:22,2021-01-15 19:31:34,"12,278s",PASSED
"openBrowser("""")",Chrome 87.0.4280.141,,,2021-01-15 19:31:22,2021-01-15 19:31:25,"2,953s",PASSED
"navigateToUrl(""https://www.phptravels.net/register"")",Chrome 87.0.4280.141,,,2021-01-15 19:31:25,2021-01-15 19:31:27,"2,023s",PASSED
"click(findTestObject(""Object Repository/Page_Register/span_First Name""))",Chrome 87.0.4280.141,,,2021-01-15 19:31:27,2021-01-15 19:31:28,"0,370s",PASSED
"setText(findTestObject(""Object Repository/Page_Register/input_Sign Up_firstname""), fname)",Chrome 87.0.4280.141,,,2021-01-15 19:31:28,2021-01-15 19:31:28,"0,626s",PASSED
"setText(findTestObject(""Object Repository/Page_Register/input_First Name_lastname""), lname)",Chrome 87.0.4280.141,,,2021-01-15 19:31:28,2021-01-15 19:31:29,"0,587s",PASSED
"setText(findTestObject(""Object Repository/Page_Register/input_Last Name_phone""), mobile)",Chrome 87.0.4280.141,,,2021-01-15 19:31:29,2021-01-15 19:31:29,"0,593s",PASSED
"setText(findTestObject(""Object Repository/Page_Register/input_Mobile Number_email""), email)",Chrome 87.0.4280.141,,,2021-01-15 19:31:29,2021-01-15 19:31:30,"0,628s",PASSED
"setEncryptedText(findTestObject(""Object Repository/Page_Register/input_Email_password""), password)",Chrome 87.0.4280.141,,,2021-01-15 19:31:30,2021-01-15 19:31:30,"0,403s",PASSED
"setEncryptedText(findTestObject(""Object Repository/Page_Register/input_Password_confirmpassword""), password)",Chrome 87.0.4280.141,,,2021-01-15 19:31:30,2021-01-15 19:31:31,"0,368s",PASSED
"click(findTestObject(""Object Repository/Page_Register/button_Sign Up""))",Chrome 87.0.4280.141,,,2021-01-15 19:31:31,2021-01-15 19:31:31,"0,460s",PASSED
"click(findTestObject(""Object Repository/Page_My Account/a_My Profile""))",Chrome 87.0.4280.141,,,2021-01-15 19:31:31,2021-01-15 19:31:34,"2,343s",PASSED
"customer_data = getText(findTestObject(""Object Repository/Page_My Account/h3_Hi, asdasd asdasd""), STOP_ON_FAILURE)",Chrome 87.0.4280.141,,,2021-01-15 19:31:34,2021-01-15 19:31:34,"0,551s",PASSED
"check = ""Hi, "" + fname + "" "" + lname",Chrome 87.0.4280.141,,,2021-01-15 19:31:34,2021-01-15 19:31:34,"0,001s",PASSED
assert check == customer_data,Chrome 87.0.4280.141,,,2021-01-15 19:31:34,2021-01-15 19:31:34,"0,002s",PASSED
