Suite/Test/Step Name,Browser,Description,Tag,Start time,End time,Duration,Status
TS_Register,Chrome 87.0.4280.141,,,2021-01-15 19:35:53,2021-01-15 19:36:58,"1m - 4,830s",PASSED
,,,,,,,
Test Cases/TC_Register,Chrome 87.0.4280.141,,,2021-01-15 19:35:54,2021-01-15 19:36:07,"12,205s",PASSED
"openBrowser("""")",Chrome 87.0.4280.141,,,2021-01-15 19:35:55,2021-01-15 19:35:58,"2,824s",PASSED
"navigateToUrl(""https://www.phptravels.net/register"")",Chrome 87.0.4280.141,,,2021-01-15 19:35:58,2021-01-15 19:36:00,"2,144s",PASSED
"click(findTestObject(""Object Repository/Page_Register/span_First Name""))",Chrome 87.0.4280.141,,,2021-01-15 19:36:00,2021-01-15 19:36:00,"0,430s",PASSED
"setText(findTestObject(""Object Repository/Page_Register/input_Sign Up_firstname""), fname)",Chrome 87.0.4280.141,,,2021-01-15 19:36:00,2021-01-15 19:36:01,"0,837s",PASSED
"setText(findTestObject(""Object Repository/Page_Register/input_First Name_lastname""), lname)",Chrome 87.0.4280.141,,,2021-01-15 19:36:01,2021-01-15 19:36:02,"0,674s",PASSED
"setText(findTestObject(""Object Repository/Page_Register/input_Last Name_phone""), mobile)",Chrome 87.0.4280.141,,,2021-01-15 19:36:02,2021-01-15 19:36:02,"0,730s",PASSED
"setText(findTestObject(""Object Repository/Page_Register/input_Mobile Number_email""), email)",Chrome 87.0.4280.141,,,2021-01-15 19:36:02,2021-01-15 19:36:03,"0,740s",PASSED
"setEncryptedText(findTestObject(""Object Repository/Page_Register/input_Email_password""), password)",Chrome 87.0.4280.141,,,2021-01-15 19:36:03,2021-01-15 19:36:04,"0,416s",PASSED
"setEncryptedText(findTestObject(""Object Repository/Page_Register/input_Password_confirmpassword""), password)",Chrome 87.0.4280.141,,,2021-01-15 19:36:04,2021-01-15 19:36:04,"0,373s",PASSED
"click(findTestObject(""Object Repository/Page_Register/button_Sign Up""))",Chrome 87.0.4280.141,,,2021-01-15 19:36:04,2021-01-15 19:36:04,"0,341s",PASSED
"click(findTestObject(""Object Repository/Page_My Account/a_My Profile""))",Chrome 87.0.4280.141,,,2021-01-15 19:36:04,2021-01-15 19:36:06,"1,933s",PASSED
"customer_data = getText(findTestObject(""Object Repository/Page_My Account/h3_Hi, asdasd asdasd""), STOP_ON_FAILURE)",Chrome 87.0.4280.141,,,2021-01-15 19:36:06,2021-01-15 19:36:07,"0,415s",PASSED
"check = ""Hi, "" + fname + "" "" + lname",Chrome 87.0.4280.141,,,2021-01-15 19:36:07,2021-01-15 19:36:07,"0,001s",PASSED
assert check == customer_data,Chrome 87.0.4280.141,,,2021-01-15 19:36:07,2021-01-15 19:36:07,"0,001s",PASSED
,,,,,,,
Test Cases/TC_Register,Chrome 87.0.4280.141,,,2021-01-15 19:36:07,2021-01-15 19:36:20,"13,604s",PASSED
"openBrowser("""")",Chrome 87.0.4280.141,,,2021-01-15 19:36:07,2021-01-15 19:36:10,"2,942s",PASSED
"navigateToUrl(""https://www.phptravels.net/register"")",Chrome 87.0.4280.141,,,2021-01-15 19:36:10,2021-01-15 19:36:13,"3,731s",PASSED
"click(findTestObject(""Object Repository/Page_Register/span_First Name""))",Chrome 87.0.4280.141,,,2021-01-15 19:36:13,2021-01-15 19:36:14,"0,437s",PASSED
"setText(findTestObject(""Object Repository/Page_Register/input_Sign Up_firstname""), fname)",Chrome 87.0.4280.141,,,2021-01-15 19:36:14,2021-01-15 19:36:14,"0,640s",PASSED
"setText(findTestObject(""Object Repository/Page_Register/input_First Name_lastname""), lname)",Chrome 87.0.4280.141,,,2021-01-15 19:36:14,2021-01-15 19:36:15,"0,690s",PASSED
"setText(findTestObject(""Object Repository/Page_Register/input_Last Name_phone""), mobile)",Chrome 87.0.4280.141,,,2021-01-15 19:36:15,2021-01-15 19:36:16,"0,725s",PASSED
"setText(findTestObject(""Object Repository/Page_Register/input_Mobile Number_email""), email)",Chrome 87.0.4280.141,,,2021-01-15 19:36:16,2021-01-15 19:36:16,"0,642s",PASSED
"setEncryptedText(findTestObject(""Object Repository/Page_Register/input_Email_password""), password)",Chrome 87.0.4280.141,,,2021-01-15 19:36:16,2021-01-15 19:36:17,"0,368s",PASSED
"setEncryptedText(findTestObject(""Object Repository/Page_Register/input_Password_confirmpassword""), password)",Chrome 87.0.4280.141,,,2021-01-15 19:36:17,2021-01-15 19:36:17,"0,356s",PASSED
"click(findTestObject(""Object Repository/Page_Register/button_Sign Up""))",Chrome 87.0.4280.141,,,2021-01-15 19:36:17,2021-01-15 19:36:18,"0,319s",PASSED
"click(findTestObject(""Object Repository/Page_My Account/a_My Profile""))",Chrome 87.0.4280.141,,,2021-01-15 19:36:18,2021-01-15 19:36:20,"2,224s",PASSED
"customer_data = getText(findTestObject(""Object Repository/Page_My Account/h3_Hi, asdasd asdasd""), STOP_ON_FAILURE)",Chrome 87.0.4280.141,,,2021-01-15 19:36:20,2021-01-15 19:36:20,"0,490s",PASSED
"check = ""Hi, "" + fname + "" "" + lname",Chrome 87.0.4280.141,,,2021-01-15 19:36:20,2021-01-15 19:36:20,"0,000s",PASSED
assert check == customer_data,Chrome 87.0.4280.141,,,2021-01-15 19:36:20,2021-01-15 19:36:20,"0,000s",PASSED
,,,,,,,
Test Cases/TC_Register,Chrome 87.0.4280.141,,,2021-01-15 19:36:20,2021-01-15 19:36:32,"12,219s",PASSED
"openBrowser("""")",Chrome 87.0.4280.141,,,2021-01-15 19:36:20,2021-01-15 19:36:23,"3,134s",PASSED
"navigateToUrl(""https://www.phptravels.net/register"")",Chrome 87.0.4280.141,,,2021-01-15 19:36:23,2021-01-15 19:36:25,"1,906s",PASSED
"click(findTestObject(""Object Repository/Page_Register/span_First Name""))",Chrome 87.0.4280.141,,,2021-01-15 19:36:25,2021-01-15 19:36:26,"0,422s",PASSED
"setText(findTestObject(""Object Repository/Page_Register/input_Sign Up_firstname""), fname)",Chrome 87.0.4280.141,,,2021-01-15 19:36:26,2021-01-15 19:36:26,"0,715s",PASSED
"setText(findTestObject(""Object Repository/Page_Register/input_First Name_lastname""), lname)",Chrome 87.0.4280.141,,,2021-01-15 19:36:26,2021-01-15 19:36:27,"0,711s",PASSED
"setText(findTestObject(""Object Repository/Page_Register/input_Last Name_phone""), mobile)",Chrome 87.0.4280.141,,,2021-01-15 19:36:27,2021-01-15 19:36:28,"0,739s",PASSED
"setText(findTestObject(""Object Repository/Page_Register/input_Mobile Number_email""), email)",Chrome 87.0.4280.141,,,2021-01-15 19:36:28,2021-01-15 19:36:29,"0,652s",PASSED
"setEncryptedText(findTestObject(""Object Repository/Page_Register/input_Email_password""), password)",Chrome 87.0.4280.141,,,2021-01-15 19:36:29,2021-01-15 19:36:29,"0,437s",PASSED
"setEncryptedText(findTestObject(""Object Repository/Page_Register/input_Password_confirmpassword""), password)",Chrome 87.0.4280.141,,,2021-01-15 19:36:29,2021-01-15 19:36:29,"0,361s",PASSED
"click(findTestObject(""Object Repository/Page_Register/button_Sign Up""))",Chrome 87.0.4280.141,,,2021-01-15 19:36:29,2021-01-15 19:36:30,"0,357s",PASSED
"click(findTestObject(""Object Repository/Page_My Account/a_My Profile""))",Chrome 87.0.4280.141,,,2021-01-15 19:36:30,2021-01-15 19:36:32,"2,246s",PASSED
"customer_data = getText(findTestObject(""Object Repository/Page_My Account/h3_Hi, asdasd asdasd""), STOP_ON_FAILURE)",Chrome 87.0.4280.141,,,2021-01-15 19:36:32,2021-01-15 19:36:32,"0,492s",PASSED
"check = ""Hi, "" + fname + "" "" + lname",Chrome 87.0.4280.141,,,2021-01-15 19:36:32,2021-01-15 19:36:32,"0,000s",PASSED
assert check == customer_data,Chrome 87.0.4280.141,,,2021-01-15 19:36:32,2021-01-15 19:36:32,"0,000s",PASSED
,,,,,,,
Test Cases/TC_Register,Chrome 87.0.4280.141,,,2021-01-15 19:36:33,2021-01-15 19:36:46,"13,258s",PASSED
"openBrowser("""")",Chrome 87.0.4280.141,,,2021-01-15 19:36:33,2021-01-15 19:36:35,"2,821s",PASSED
"navigateToUrl(""https://www.phptravels.net/register"")",Chrome 87.0.4280.141,,,2021-01-15 19:36:35,2021-01-15 19:36:39,"3,781s",PASSED
"click(findTestObject(""Object Repository/Page_Register/span_First Name""))",Chrome 87.0.4280.141,,,2021-01-15 19:36:39,2021-01-15 19:36:39,"0,354s",PASSED
"setText(findTestObject(""Object Repository/Page_Register/input_Sign Up_firstname""), fname)",Chrome 87.0.4280.141,,,2021-01-15 19:36:39,2021-01-15 19:36:40,"0,619s",PASSED
"setText(findTestObject(""Object Repository/Page_Register/input_First Name_lastname""), lname)",Chrome 87.0.4280.141,,,2021-01-15 19:36:40,2021-01-15 19:36:41,"0,579s",PASSED
"setText(findTestObject(""Object Repository/Page_Register/input_Last Name_phone""), mobile)",Chrome 87.0.4280.141,,,2021-01-15 19:36:41,2021-01-15 19:36:41,"0,579s",PASSED
"setText(findTestObject(""Object Repository/Page_Register/input_Mobile Number_email""), email)",Chrome 87.0.4280.141,,,2021-01-15 19:36:41,2021-01-15 19:36:42,"0,595s",PASSED
"setEncryptedText(findTestObject(""Object Repository/Page_Register/input_Email_password""), password)",Chrome 87.0.4280.141,,,2021-01-15 19:36:42,2021-01-15 19:36:42,"0,356s",PASSED
"setEncryptedText(findTestObject(""Object Repository/Page_Register/input_Password_confirmpassword""), password)",Chrome 87.0.4280.141,,,2021-01-15 19:36:42,2021-01-15 19:36:43,"0,351s",PASSED
"click(findTestObject(""Object Repository/Page_Register/button_Sign Up""))",Chrome 87.0.4280.141,,,2021-01-15 19:36:43,2021-01-15 19:36:43,"0,323s",PASSED
"click(findTestObject(""Object Repository/Page_My Account/a_My Profile""))",Chrome 87.0.4280.141,,,2021-01-15 19:36:43,2021-01-15 19:36:45,"2,303s",PASSED
"customer_data = getText(findTestObject(""Object Repository/Page_My Account/h3_Hi, asdasd asdasd""), STOP_ON_FAILURE)",Chrome 87.0.4280.141,,,2021-01-15 19:36:45,2021-01-15 19:36:46,"0,572s",PASSED
"check = ""Hi, "" + fname + "" "" + lname",Chrome 87.0.4280.141,,,2021-01-15 19:36:46,2021-01-15 19:36:46,"0,000s",PASSED
assert check == customer_data,Chrome 87.0.4280.141,,,2021-01-15 19:36:46,2021-01-15 19:36:46,"0,001s",PASSED
,,,,,,,
Test Cases/TC_Register,Chrome 87.0.4280.141,,,2021-01-15 19:36:46,2021-01-15 19:36:58,"12,246s",PASSED
"openBrowser("""")",Chrome 87.0.4280.141,,,2021-01-15 19:36:46,2021-01-15 19:36:49,"3,136s",PASSED
"navigateToUrl(""https://www.phptravels.net/register"")",Chrome 87.0.4280.141,,,2021-01-15 19:36:49,2021-01-15 19:36:51,"2,062s",PASSED
"click(findTestObject(""Object Repository/Page_Register/span_First Name""))",Chrome 87.0.4280.141,,,2021-01-15 19:36:51,2021-01-15 19:36:51,"0,354s",PASSED
"setText(findTestObject(""Object Repository/Page_Register/input_Sign Up_firstname""), fname)",Chrome 87.0.4280.141,,,2021-01-15 19:36:51,2021-01-15 19:36:52,"0,623s",PASSED
"setText(findTestObject(""Object Repository/Page_Register/input_First Name_lastname""), lname)",Chrome 87.0.4280.141,,,2021-01-15 19:36:52,2021-01-15 19:36:53,"0,676s",PASSED
"setText(findTestObject(""Object Repository/Page_Register/input_Last Name_phone""), mobile)",Chrome 87.0.4280.141,,,2021-01-15 19:36:53,2021-01-15 19:36:53,"0,769s",PASSED
"setText(findTestObject(""Object Repository/Page_Register/input_Mobile Number_email""), email)",Chrome 87.0.4280.141,,,2021-01-15 19:36:53,2021-01-15 19:36:54,"0,615s",PASSED
"setEncryptedText(findTestObject(""Object Repository/Page_Register/input_Email_password""), password)",Chrome 87.0.4280.141,,,2021-01-15 19:36:54,2021-01-15 19:36:54,"0,371s",PASSED
"setEncryptedText(findTestObject(""Object Repository/Page_Register/input_Password_confirmpassword""), password)",Chrome 87.0.4280.141,,,2021-01-15 19:36:54,2021-01-15 19:36:55,"0,394s",PASSED
"click(findTestObject(""Object Repository/Page_Register/button_Sign Up""))",Chrome 87.0.4280.141,,,2021-01-15 19:36:55,2021-01-15 19:36:55,"0,386s",PASSED
"click(findTestObject(""Object Repository/Page_My Account/a_My Profile""))",Chrome 87.0.4280.141,,,2021-01-15 19:36:55,2021-01-15 19:36:58,"2,338s",PASSED
"customer_data = getText(findTestObject(""Object Repository/Page_My Account/h3_Hi, asdasd asdasd""), STOP_ON_FAILURE)",Chrome 87.0.4280.141,,,2021-01-15 19:36:58,2021-01-15 19:36:58,"0,487s",PASSED
"check = ""Hi, "" + fname + "" "" + lname",Chrome 87.0.4280.141,,,2021-01-15 19:36:58,2021-01-15 19:36:58,"0,000s",PASSED
assert check == customer_data,Chrome 87.0.4280.141,,,2021-01-15 19:36:58,2021-01-15 19:36:58,"0,001s",PASSED
